{
  "project_info": {
    "project_number": "481097733965",
    "firebase_url": "https://pdpm-project-default-rtdb.europe-west1.firebasedatabase.app",
    "project_id": "pdpm-project",
    "storage_bucket": "pdpm-project.appspot.com"
  },
  "client": [
    {
      "client_info": {
        "mobilesdk_app_id": "1:481097733965:android:e6767fe2282bd1bb114904",
        "android_client_info": {
          "package_name": "com.example.examen_final_amb"
        }
      },
      "oauth_client": [
        {
          "client_id": "481097733965-55m76nrom2qgugkelg2pv9hbonetk7qv.apps.googleusercontent.com",
          "client_type": 3
        }
      ],
      "api_key": [
        {
          "current_key": "AIzaSyAf70fNHGUby7XcenyeHZHX2uqDqMcaYQ8"
        }
      ],
      "services": {
        "appinvite_service": {
          "other_platform_oauth_client": [
            {
              "client_id": "481097733965-55m76nrom2qgugkelg2pv9hbonetk7qv.apps.googleusercontent.com",
              "client_type": 3
            }
          ]
        }
      }
    },
    {
      "client_info": {
        "mobilesdk_app_id": "1:481097733965:android:0fe2000f2d2d7447114904",
        "android_client_info": {
          "package_name": "com.example.t8_proyectologin"
        }
      },
      "oauth_client": [
        {
          "client_id": "481097733965-55m76nrom2qgugkelg2pv9hbonetk7qv.apps.googleusercontent.com",
          "client_type": 3
        }
      ],
      "api_key": [
        {
          "current_key": "AIzaSyAf70fNHGUby7XcenyeHZHX2uqDqMcaYQ8"
        }
      ],
      "services": {
        "appinvite_service": {
          "other_platform_oauth_client": [
            {
              "client_id": "481097733965-55m76nrom2qgugkelg2pv9hbonetk7qv.apps.googleusercontent.com",
              "client_type": 3
            }
          ]
        }
      }
    },
    {
      "client_info": {
        "mobilesdk_app_id": "1:481097733965:android:fda4956b14bb6fef114904",
        "android_client_info": {
          "package_name": "com.example.t8_simulacro"
        }
      },
      "oauth_client": [
        {
          "client_id": "481097733965-55m76nrom2qgugkelg2pv9hbonetk7qv.apps.googleusercontent.com",
          "client_type": 3
        }
      ],
      "api_key": [
        {
          "current_key": "AIzaSyAf70fNHGUby7XcenyeHZHX2uqDqMcaYQ8"
        }
      ],
      "services": {
        "appinvite_service": {
          "other_platform_oauth_client": [
            {
              "client_id": "481097733965-55m76nrom2qgugkelg2pv9hbonetk7qv.apps.googleusercontent.com",
              "client_type": 3
            }
          ]
        }
      }
    }
  ],
  "configuration_version": "1"
}